time (hours),protein (mg),cost ($)
0,0.0,0.0
94,340.0,108218.745171
188,680.0,216437.490342
282,1020.0,324656.235513
376,1360.0,432874.980684
470,1700.0,541093.725855
564,2040.0,649312.471026
658,2380.0,757531.216197
752,2720.0,865749.961368
846,3060.0,973968.706539
940,3400.0,1082187.45171
1034,3740.0,1190406.196881
1128,4080.0,1298624.942052
1222,4420.0,1406843.687223
1316,4760.0,1515062.432394
1410,5100.0,1623281.177565
1504,5440.0,1731499.922736
1598,5780.0,1839718.667907
1692,6120.0,1947937.413078
1786,6460.0,2056156.158249
1880,6800.0,2164374.90342
1974,7140.0,2272593.648591
2068,7480.0,2380812.393762
2162,7820.0,2489031.138933
2256,8160.0,2597249.884104
2350,8500.0,2705468.629275
2444,8840.0,2813687.374446
2538,9180.0,2921906.119617
2632,9520.0,3030124.864788
2726,9860.0,3138343.6099590003
2820,10200.0,3246562.35513
2914,10540.0,3354781.1003010003
3008,10880.0,3462999.845472
3102,11220.0,3571218.590643
3196,11560.0,3679437.335814
3290,11900.0,3787656.080985
3384,12240.0,3895874.826156
3478,12580.0,4004093.571327
3572,12920.0,4112312.316498
3666,13260.0,4220531.061669
3760,13600.0,4328749.80684
3854,13940.0,4436968.552011
3948,14280.0,4545187.297182
4042,14620.0,4653406.0423530005
4136,14960.0,4761624.787524
4230,15300.0,4869843.532695
4324,15640.0,4978062.277866
4418,15980.0,5086281.023037001
4512,16320.0,5194499.768208
4606,16660.0,5302718.513379
4700,17000.0,5410937.25855
